{
	"NInputs": 5,
	"NHiddens": 4,
	"NOutputs": 3,
	"NContexts": 0,
	"Regression": false,
	"InputActivations": [
		5.1,
		2.5,
		3,
		1.1,
		1
	],
	"HiddenActivations": [
		0.9845973028339281,
		1,
		0.9999982362012773,
		1
	],
	"OutputActivations": [
		0.0008296234862725626,
		0.9996045337039485,
		0.00016609489805727954
	],
	"Contexts": null,
	"InputWeights": [
		[
			-0.7882959183326936,
			22.002751592878255,
			0.4753714463135383,
			0.6068624030860184
		],
		[
			-3.6663148267761154,
			35.68224514496959,
			1.8696319657057667,
			-0.6591737863265925
		],
		[
			5.325345870282449,
			-36.837121012446026,
			0.5767052952633892,
			0.4337741822381209
		],
		[
			1.9133455590603266,
			-66.45912755340018,
			4.861563869902018,
			-0.22365129608784196
		],
		[
			-0.736926523615315,
			53.42842701777494,
			-0.9282714874265613,
			-0.1057920808806424
		]
	],
	"OutputWeights": [
		[
			-14.60144532514504,
			14.979336544853677,
			3.7743348885318815
		],
		[
			2.0604270765912123,
			11.385948165824681,
			-11.966017554317265
		],
		[
			2.560694508377715,
			-8.14617622715056,
			2.163833000114569
		],
		[
			2.6617162849215648,
			-10.153350830657669,
			-2.6167968003142286
		]
	],
	"ContextWeights": null,
	"InputChanges": [
		[
			9.497134051139063e-7,
			0,
			-2.783335695444026e-11,
			-0
		],
		[
			4.655457868205423e-7,
			0,
			-1.3643802428647186e-11,
			-0
		],
		[
			5.586549441846507e-7,
			0,
			-1.6372562914376626e-11,
			-0
		],
		[
			2.0484014620103864e-7,
			0,
			-6.0032730686047624e-12,
			-0
		],
		[
			1.8621831472821692e-7,
			0,
			-5.457520971458875e-12,
			-0
		]
	],
	"OutputChanges": [
		[
			-6.77111621466456e-7,
			1.5392381242477183e-7,
			-2.7158081450955573e-8
		],
		[
			-6.877041197630259e-7,
			1.5633174291838797e-7,
			-2.758293301513982e-8
		],
		[
			-6.877029067913779e-7,
			1.563314671806595e-7,
			-2.7582884364397798e-8
		],
		[
			-6.877041197630259e-7,
			1.5633174291838797e-7,
			-2.758293301513982e-8
		]
	],
	"ContextChanges": null
}